"date","USDNTD","RMBNTD","EURUSD","USDJPY","GBPUSD","AUDUSD","USDHKD","USDRMB","start","max","min","end","MEDIAN"
2018-01-02,29.628,4.559868,1.2035,112.6,1.35365,0.78305,7.8155,6.49755,10664.82,10710.73,10650.77,10710.73,10680.75
2018-01-03,29.6,4.552302,1.2033,112.33,1.3591,0.78175,7.8177,6.5022,10759.61,10813.16,10759.61,10801.57,10786.385
2018-01-04,29.59,4.554226,1.2027,112.645,1.35225,0.78465,7.8183,6.49725,10834.58,10853.46,10794.25,10848.63,10823.855
2018-01-05,29.523,4.555045,1.2057,113.15,1.35515,0.7842,7.8191,6.4814,10856.92,10879.8,10815.68,10879.8,10847.74
2018-01-08,29.523,4.545597,1.1999,113.34,1.35405,0.78335,7.82185,6.49485,10899.09,10918.47,10869.12,10915.75,10893.795
2018-01-09,29.536,4.52713,1.19435,112.785,1.3539,0.78365,7.8221,6.5242,10922.35,10931,10860.77,10914.89,10895.885
2018-01-10,29.601,4.534429,1.1945,111.905,1.3514,0.78265,7.8241,6.52805,10915.32,10934.75,10819.25,10831.09,10877
2018-01-11,29.605,4.543894,1.1939,111.74,1.34855,0.7871,7.8232,6.51535,10824.54,10844.08,10770.1,10810.06,10807.09
2018-01-12,29.6,4.568819,1.2062,111.34,1.35455,0.78685,7.82355,6.4787,10818.24,10899.98,10818.24,10883.96,10859.11
2018-01-15,29.542,4.586514,1.2214,110.72,1.3754,0.7947,7.82425,6.44105,10932.37,10962.55,10911.89,10956.31,10937.22
2018-01-16,29.555,4.593911,1.2258,110.71,1.3788,0.79685,7.82445,6.4335,10955.81,10986.11,10920.5,10986.11,10953.305
2018-01-17,29.56,4.592087,1.2233,110.745,1.37805,0.7961,7.8188,6.43715,10976.13,11030.22,10942.95,11004.8,10986.585
2018-01-18,29.562,4.60035,1.22155,111.195,1.38415,0.79815,7.8186,6.42605,11048.06,11122.82,11048.06,11071.57,11085.44
2018-01-19,29.43,4.595141,1.2271,110.71,1.3924,0.80145,7.81695,6.4046,11123.58,11150.85,11095.85,11150.85,11123.35
2018-01-22,29.432,4.596337,1.2241,110.77,1.3899,0.7998,7.8177,6.40335,11169.79,11231.46,11142.38,11231.46,11186.92
2018-01-23,29.402,4.590858,1.224,111.025,1.39535,0.79625,7.8167,6.40445,11243.49,11270.18,11201.52,11253.11,11235.85
2018-01-24,29.302,4.587375,1.2328,109.865,1.40475,0.80275,7.8188,6.38755,11228.71,11228.71,11107.32,11152.16,11168.015
2018-01-25,29.069,4.585925,1.2414,109.09,1.42425,0.80795,7.81695,6.33875,11154.36,11268.61,11131.85,11165.95,11200.23
2018-01-26,29.101,4.605786,1.24825,108.945,1.42575,0.8089,7.819,6.31835,11152.53,11178.3,11089.48,11147.1,11133.89
2018-01-29,29.15,4.605117,1.2399,108.915,1.4128,0.8086,7.81945,6.3299,11202.27,11246.18,11161.83,11221.81,11204.005
2018-01-30,29.24,4.605329,1.2343,108.765,1.3987,0.8049,7.81855,6.34915,11189.57,11189.57,11076.78,11076.78,11133.175
2018-01-31,29.15,4.627825,1.24455,108.685,1.41825,0.8094,7.8192,6.29885,11054.36,11158.29,11007.89,11103.79,11083.09
2018-02-01,29.207,4.636407,1.2433,109.465,1.42495,0.80245,7.8209,6.2995,11139.4,11212.1,11139.4,11160.25,11175.75
2018-02-02,29.235,4.652838,1.2506,109.785,1.42455,0.80025,7.8192,6.28325,11151.65,11153.32,11070.43,11126.23,11111.875
2018-02-05,29.307,4.647152,1.2444,109.8,1.41055,0.7925,7.8208,6.30645,10970.3,10970.3,10855.43,10946.25,10912.865
2018-02-06,29.386,4.668436,1.2415,109.09,1.39755,0.78735,7.8192,6.2946,10761.01,10761.01,10300.4,10404,10530.705
2018-02-07,29.27,4.668331,1.23745,109.05,1.3936,0.78755,7.8197,6.2699,10547.64,10697.82,10547.64,10551.54,10622.73
2018-02-08,29.39,4.633304,1.22595,109.57,1.38755,0.78285,7.819,6.3432,10559.44,10609.5,10512.93,10528.52,10561.215
2018-02-09,29.407,4.658804,1.2274,109.175,1.39575,0.77805,7.8189,6.31215,10371.01,10392.31,10189.04,10371.75,10290.675
2018-02-12,29.4,4.641907,1.2262,108.625,1.3835,0.7813,7.81935,6.3336,10429.09,10473.51,10416.01,10421.09,10444.76
2018-02-21,29.245,4.614305,1.23215,107.655,1.3973,0.78515,7.8249,6.3379,10559.79,10720.48,10559.79,10714.44,10640.135
2018-02-22,29.301,4.613355,1.2273,107.36,1.3882,0.7798,7.8238,6.35135,10698.47,10698.47,10620.8,10662.38,10659.635
2018-02-23,29.306,4.627623,1.23,106.89,1.3953,0.7829,7.82275,6.33285,10688.97,10799.29,10688.97,10794.55,10744.13
2018-02-26,29.235,4.636846,1.2329,106.62,1.4038,0.7887,7.8234,6.30495,10827.98,10890.69,10827.98,10836.7,10859.335
2018-02-27,29.23,4.636492,1.2337,107.01,1.39855,0.7853,7.82625,6.30435,10896.16,10937.9,10815.47,10815.47,10876.685
2018-03-01,29.318,4.620487,1.2201,106.86,1.37595,0.7732,7.8273,6.3452,10779.1,10805.55,10709.69,10785.79,10757.62
2018-03-02,29.29,4.613204,1.2259,105.78,1.37645,0.77605,7.82935,6.34915,10719.29,10719.29,10638.98,10698.17,10679.135
2018-03-05,29.292,4.618938,1.2294,105.46,1.3775,0.7736,7.8315,6.3417,10727.45,10756.37,10642.9,10642.9,10699.635
2018-03-06,29.287,4.619292,1.23355,106.1,1.38225,0.7765,7.83275,6.34015,10711.15,10784.34,10711.15,10784.34,10747.745
2018-03-07,29.254,4.629504,1.24175,105.675,1.3879,0.78165,7.8345,6.31905,10762.99,10818.05,10745.32,10745.32,10781.685
2018-03-08,29.261,4.622477,1.2403,105.95,1.3896,0.78125,7.8337,6.33015,10788.43,10852.33,10788.43,10823.24,10820.38
2018-03-09,29.3,4.62436,1.2312,106.715,1.383,0.78025,7.8396,6.336,10847.74,10882.76,10845.38,10864.82,10864.07
2018-03-12,29.28,4.631598,1.2331,106.555,1.38685,0.7875,7.84005,6.3218,10908.99,11016.56,10908.99,11002.1,10962.775
2018-03-13,29.252,4.621085,1.2322,106.96,1.38975,0.78665,7.8394,6.3301,11022.15,11095.63,11014.87,11095.63,11055.25
2018-03-14,29.257,4.633928,1.2373,106.68,1.3951,0.78835,7.8415,6.31365,11063.73,11070.29,11015.47,11038.8,11042.88
2018-03-15,29.2,4.623586,1.23705,106.12,1.39835,0.78695,7.8408,6.31545,11039.6,11052.11,11008.18,11018.45,11030.145
2018-03-16,29.231,4.62259,1.2312,105.74,1.39325,0.77915,7.84335,6.3235,11010.24,11054.86,10933.46,11027.7,10994.16
2018-03-19,29.201,4.613232,1.227,105.915,1.3934,0.7694,7.84395,6.32985,11004.81,11066,10983.25,11046.9,11024.625
2018-03-20,29.175,4.610584,1.2345,106.46,1.40545,0.77025,7.8445,6.32785,11016.85,11020.78,10981.04,11010.84,11000.91
2018-03-21,29.189,4.613321,1.2279,106.33,1.4028,0.7695,7.84615,6.3271,11037.35,11072.31,11011.07,11011.07,11041.69
2018-03-22,29.153,4.61527,1.23645,105.7,1.416,0.7756,7.8463,6.31665,11045.9,11120.2,10975.33,11005.84,11047.765
2018-03-23,29.17,4.61274,1.23245,105.07,1.4108,0.77275,7.84845,6.3238,10863.67,10863.67,10758.06,10823.33,10810.865
2018-03-26,29.153,4.63696,1.23785,105.13,1.41815,0.7733,7.8473,6.2871,10783.57,10840.05,10781.43,10840.05,10810.74
2018-03-27,29.135,4.65082,1.24415,105.49,1.4158,0.7725,7.84665,6.2645,10901.69,10986.79,10901.69,10986.79,10944.24
2018-03-28,29.163,4.645987,1.24035,105.55,1.41735,0.76635,7.84725,6.27705,10939.97,10939.97,10853.48,10865.66,10896.725
2018-03-29,29.165,4.641843,1.23055,106.585,1.40505,0.767,7.84855,6.28305,10855.66,10889.6,10815.46,10845.92,10852.53
2018-03-30,29.12,4.647377,1.2323,106.19,1.4053,0.77005,7.84855,6.2659,10905.3,10969.22,10905.3,10906.22,10937.26
2018-03-31,29.12,4.644698,1.23245,106.285,1.4015,0.76795,7.8478,6.2695,10925.71,10947.16,10905.69,10919.49,10926.425
2018-04-02,29.142,4.648324,1.2331,106.3,1.4063,0.76855,7.8481,6.26935,10936.26,10969.88,10882.05,10888.27,10925.965
2018-04-03,29.148,4.64488,1.2323,106.17,1.40785,0.7692,7.8491,6.2753,10837.54,10837.54,10775.45,10821.53,10806.495
2018-04-09,29.209,4.629948,1.22805,107.1,1.4103,0.76735,7.8494,6.3087,10880.14,10904.75,10829.02,10893.53,10866.885
2018-04-10,29.19,4.636569,1.23215,106.99,1.41605,0.77225,7.84945,6.2956,10885.64,10975.67,10874.83,10927.18,10925.25
2018-04-11,29.201,4.648244,1.2368,106.985,1.421,0.7746,7.84975,6.28215,10961.7,11016.35,10953.31,10974.02,10984.83
2018-04-12,29.26,4.658602,1.2367,106.905,1.4181,0.7757,7.84985,6.28085,10984.12,11008.2,10920.62,10955.29,10964.41
2018-04-13,29.302,4.666578,1.2343,107.64,1.42875,0.78015,7.84975,6.2791,10975.58,10988.23,10938.37,10965.39,10963.3
2018-04-16,29.425,4.689168,1.236,107.25,1.42605,0.77765,7.84995,6.2751,10962.36,10974.94,10921.17,10954.55,10948.055
2018-04-17,29.362,4.681301,1.23965,106.975,1.43625,0.7783,7.84995,6.2722,10953.51,10965.2,10799.07,10810.45,10882.135
2018-04-18,29.366,4.67677,1.2369,107.325,1.42735,0.7755,7.84995,6.2791,10842.88,10917.6,10809.89,10847.89,10863.745
2018-04-19,29.34,4.681901,1.2383,107.34,1.4197,0.7797,7.84895,6.2667,10891.66,10983.96,10889.71,10971.22,10936.835
2018-04-20,29.407,4.680712,1.2327,107.58,1.4054,0.77055,7.8452,6.2826,10802.42,10831.56,10770.05,10779.38,10800.805
2018-04-23,29.528,4.689283,1.22535,107.9,1.4002,0.76545,7.84285,6.2969,10756.89,10774.73,10687.25,10697.13,10730.99
2018-04-24,29.616,4.69227,1.2192,108.855,1.39325,0.76045,7.84575,6.31165,10680.38,10692.19,10540.15,10579.5,10616.17
2018-04-25,29.66,4.691856,1.21955,109.255,1.39395,0.7567,7.84845,6.3216,10541.83,10573.73,10489.2,10559.97,10531.465
2018-04-26,29.705,4.695143,1.21645,109.37,1.39075,0.7562,7.84755,6.32675,10583.08,10618.68,10478.98,10488.58,10548.83
2018-04-27,29.636,4.677302,1.20835,109.33,1.38885,0.75465,7.8477,6.33615,10546.29,10573.61,10495.67,10553.43,10534.64
2018-04-30,29.605,4.686856,1.2115,109.28,1.3755,0.7553,7.84875,6.3166,10553.41,10660.61,10539.63,10657.88,10600.12
2018-05-02,29.758,4.679386,1.2015,109.765,1.36355,0.7521,7.84975,6.3594,10665.52,10683.9,10601.1,10618.81,10642.5
2018-05-03,29.742,4.678149,1.19965,109.675,1.36115,0.7523,7.8493,6.35765,10578.98,10578.98,10509.03,10514.18,10544.005
2018-05-04,29.716,4.674891,1.19665,109.075,1.3563,0.7524,7.8498,6.3565,10516.45,10566.37,10500.97,10529.37,10533.67
2018-05-07,29.763,4.675589,1.1928,109.215,1.35405,0.7518,7.84955,6.3656,10581.78,10632.62,10555.56,10604.91,10594.09
2018-05-08,29.783,4.678075,1.1905,108.98,1.3527,0.7487,7.84945,6.3665,10610.44,10691.38,10609.04,10691.38,10650.21
2018-05-09,29.928,4.689927,1.1837,109.71,1.35295,0.7425,7.84985,6.38135,10692.89,10748.6,10689.81,10703.35,10719.205
2018-05-10,29.872,4.69552,1.1855,109.925,1.35275,0.74745,7.84975,6.3618,10731.68,10782.06,10731.68,10760.21,10756.87
2018-05-11,29.773,4.703003,1.19145,109.39,1.35265,0.7539,7.8497,6.33065,10808.4,10874.63,10808.4,10858.98,10841.515
2018-05-14,29.742,4.699236,1.1975,109.52,1.35795,0.75485,7.84985,6.3291,10938.3,10970.24,10908.86,10952.39,10939.55
2018-05-15,29.848,4.702523,1.19265,109.85,1.35295,0.75205,7.8492,6.34725,10965.08,10978.38,10874.73,10874.73,10926.555
2018-05-16,29.892,4.701563,1.18445,110.175,1.35025,0.74905,7.84995,6.3579,10873.54,10915.74,10865.07,10897.57,10890.405
2018-05-17,29.906,4.704453,1.1816,110.585,1.35225,0.75315,7.84975,6.35695,10911.74,10938.63,10833.81,10833.81,10886.22
2018-05-18,29.912,4.702675,1.1811,110.905,1.3507,0.75135,7.84985,6.36065,10844.09,10893.35,10819.07,10830.84,10856.21
2018-05-21,29.992,4.698757,1.17245,111.34,1.34045,0.75165,7.84985,6.38295,10861.66,10979.1,10861.66,10966.2,10920.38
2018-05-22,29.922,4.71095,1.182,110.97,1.34605,0.76005,7.84915,6.3516,10986.77,11034.12,10938.73,10938.73,10986.425
2018-05-23,29.96,4.698207,1.17175,109.95,1.33915,0.75305,7.8489,6.3769,10974.52,10991.86,10886.18,10886.18,10939.02
2018-05-24,29.915,4.68798,1.173,109.64,1.33725,0.75605,7.8473,6.3812,10910.61,10942.64,10883.52,10936.93,10913.08
2018-05-25,29.945,4.691723,1.1705,109.37,1.3355,0.75775,7.84615,6.3825,10946.62,10977.81,10918.12,10942.3,10947.965
2018-05-28,29.928,4.685438,1.1691,109.48,1.3318,0.7563,7.84475,6.38745,10976.49,10999.43,10965.18,10987.77,10982.305
2018-05-29,29.988,4.675189,1.15705,108.725,1.3247,0.7541,7.8471,6.4143,10979.68,10986.53,10929.56,10964.12,10958.045
2018-05-30,30.05,4.68188,1.16005,108.77,1.32815,0.75275,7.845,6.41835,10925.21,10925.21,10799.75,10821.17,10862.48
2018-05-31,29.98,4.684885,1.17175,108.75,1.33395,0.7583,7.84775,6.3993,10856.03,10909.61,10853.65,10874.96,10881.63
2018-06-01,29.864,4.657052,1.169,109.12,1.32875,0.75505,7.8442,6.41265,10882.68,10954.67,10876.97,10949.08,10915.82
2018-06-04,29.82,4.652576,1.1688,109.48,1.33515,0.76295,7.84645,6.40935,11002.15,11109.5,11002.15,11109.5,11055.825
2018-06-05,29.815,4.662321,1.1705,109.79,1.33265,0.76395,7.8469,6.3949,11130.03,11131.08,11054.62,11100.11,11092.85
2018-06-06,29.738,4.655573,1.1762,110.02,1.34195,0.7646,7.8469,6.3876,11111.14,11207.15,11111.14,11201.83,11159.145
2018-06-07,29.74,4.6566,1.182,109.9,1.34575,0.7651,7.8454,6.38665,11228.64,11261.68,11188.99,11251.75,11225.335
2018-06-08,29.816,4.654337,1.1772,109.38,1.34145,0.75865,7.84555,6.40605,11243.59,11243.59,11122.98,11156.42,11183.285
2018-06-11,29.821,4.661052,1.18095,109.965,1.34235,0.76135,7.8458,6.3979,11168.99,11186.67,11118.81,11149.23,11152.74
2018-06-12,29.86,4.667566,1.1799,110.3,1.34065,0.76175,7.84685,6.39735,11140.02,11160.05,11088.53,11144.79,11124.29
2018-06-13,29.89,4.668609,1.1739,110.655,1.33255,0.75665,7.8486,6.40235,11153.2,11188.01,11119.24,11173.21,11153.625
2018-06-14,29.938,4.687512,1.1818,109.965,1.34015,0.7559,7.84835,6.38675,11143.04,11143.04,11013.98,11013.98,11078.51
2018-06-15,30.002,4.674132,1.1595,110.43,1.32595,0.7464,7.84915,6.41875,10998.2,11087.47,10981.61,11087.47,11034.54
2018-06-19,30.186,4.665488,1.15825,109.72,1.32035,0.73715,7.8489,6.47005,11008.77,11008.77,10904.19,10904.19,10956.48
2018-06-20,30.17,4.658459,1.15555,110.14,1.31565,0.73885,7.8478,6.4764,10904.8,10969.2,10842.56,10927.44,10905.88
2018-06-21,30.302,4.652478,1.1555,110.605,1.3139,0.7362,7.84555,6.5131,10949.85,10992.31,10941.07,10941.07,10966.69
2018-06-22,30.307,4.659974,1.1655,110.16,1.32905,0.7415,7.8454,6.5037,10901.25,10914.83,10828.86,10899.28,10871.845
2018-06-25,30.403,4.648527,1.1653,109.55,1.32505,0.7434,7.8473,6.54035,10834.07,10851.16,10786.46,10786.46,10818.81
2018-06-26,30.412,4.637343,1.16825,109.66,1.32645,0.7406,7.8476,6.55805,10730.9,10752.99,10651.42,10742.17,10702.205
2018-06-27,30.454,4.613751,1.16465,109.75,1.3201,0.7374,7.84785,6.6007,10766.88,10800.34,10701.03,10701.03,10750.685
2018-06-28,30.586,4.61714,1.15545,110.345,1.30775,0.73395,7.8475,6.62445,10669.42,10723.84,10633.01,10654.28,10678.425
2018-06-29,30.5,4.599217,1.16135,110.665,1.3108,0.7385,7.8464,6.63155,10667.64,10836.91,10667.64,10836.91,10752.275
2018-07-02,30.523,4.577992,1.16375,110.77,1.3153,0.73755,7.8462,6.66735,10852.17,10886.2,10777.94,10777.94,10832.07
2018-07-03,30.586,4.580284,1.16675,110.94,1.3174,0.7384,7.8458,6.67775,10802.88,10873.48,10707.68,10715.72,10790.58
2018-07-04,30.501,4.598758,1.16385,110.535,1.31745,0.73825,7.842,6.63245,10714.25,10752.05,10680.44,10721.87,10716.245
2018-07-05,30.54,4.595354,1.16845,110.66,1.3238,0.73845,7.84705,6.64585,10690.91,10709.8,10585.27,10611.81,10647.535
2018-07-06,30.5,4.579819,1.1707,110.555,1.32435,0.74065,7.8483,6.65965,10645.66,10665.72,10523.58,10608.57,10594.65
2018-07-09,30.386,4.588438,1.17705,110.43,1.3346,0.74715,7.84845,6.6223,10638.9,10746.74,10638.9,10720.28,10692.82
2018-07-10,30.403,4.587326,1.17425,111.08,1.32845,0.74585,7.8484,6.6276,10737.62,10776.47,10728.24,10756.89,10752.355
2018-07-11,30.481,4.564316,1.1732,111.03,1.3277,0.74145,7.84895,6.6781,10693.64,10693.64,10635.03,10676.84,10664.335
2018-07-12,30.542,4.567587,1.16815,112.315,1.32195,0.7389,7.8482,6.6867,10644.91,10752.57,10643.65,10738.38,10698.11
2018-07-13,30.556,4.553883,1.1628,112.745,1.3124,0.73845,7.8486,6.7099,10769.7,10864.54,10769.7,10864.54,10817.12
2018-07-16,30.575,4.561821,1.16935,112.455,1.32425,0.74315,7.84865,6.70235,10867.97,10890.2,10817.45,10817.45,10853.825
2018-07-17,30.516,4.558144,1.1732,112.33,1.32405,0.7426,7.8484,6.69485,10802.75,10818.84,10758.83,10778.99,10788.835
2018-07-18,30.582,4.533231,1.1619,113.04,1.30885,0.7348,7.8493,6.7462,10811.43,10872.74,10788.37,10842.46,10830.555
2018-07-19,30.632,4.509674,1.1607,113.02,1.30195,0.7373,7.8493,6.7925,10868.56,10896.25,10826.14,10835.38,10861.195
2018-07-20,30.716,4.520934,1.1648,112.455,1.3016,0.73695,7.8479,6.79415,10932.51,10963.95,10893.73,10932.11,10928.84
2018-07-23,30.645,4.510852,1.17305,110.95,1.31515,0.7415,7.847,6.7936,10929.46,10984.84,10901.75,10946.89,10943.295
2018-07-24,30.72,4.496486,1.16875,111.215,1.3114,0.7381,7.84615,6.832,10937.77,10995.39,10917.61,10995.39,10956.5
2018-07-25,30.632,4.510899,1.169,111.26,1.31505,0.74065,7.84595,6.79065,10957.66,10992.29,10956,10965.79,10974.145
2018-07-26,30.573,4.497747,1.1722,110.715,1.31855,0.7433,7.8477,6.7974,10969.35,11018.19,10966.33,11010.61,10992.26
2018-07-27,30.592,4.483716,1.16425,111.08,1.31065,0.7383,7.8485,6.8229,11023.07,11075.78,11009.16,11075.78,11042.47
2018-07-30,30.609,4.477913,1.1665,111.075,1.31235,0.7399,7.84805,6.83555,11072.7,11080.41,11001.15,11033.54,11040.78
2018-07-31,30.614,4.476746,1.1717,111.39,1.31425,0.74185,7.8489,6.83845,10997.73,11057.51,10976.46,11057.51,11016.985
2018-08-01,30.616,4.489898,1.1686,112.085,1.3116,0.74065,7.84945,6.81885,11062.36,11100.02,11058.28,11098.13,11079.15
2018-08-02,30.682,4.483837,1.1621,111.655,1.30795,0.7375,7.84925,6.8428,11095.67,11095.67,10919.13,10929.77,11007.4
2018-08-03,30.706,4.452247,1.1573,111.72,1.29895,0.73565,7.8492,6.89675,10957.3,11012.43,10957.3,11012.43,10984.865
2018-08-06,30.63,4.465823,1.1562,111.275,1.29655,0.73935,7.8489,6.85875,10997.26,11054.49,10994.97,11024.1,11024.73
2018-08-07,30.621,4.473238,1.1576,111.34,1.29595,0.74295,7.84925,6.8454,11024.97,11030.09,10983.44,10983.44,11006.765
2018-08-08,30.616,4.480927,1.1597,110.95,1.2915,0.742,7.8497,6.8325,11026.07,11095.5,11026.07,11075.25,11060.785
2018-08-09,30.626,4.483003,1.1588,111.08,1.28535,0.74185,7.84965,6.8316,11063.62,11063.62,11001.96,11028.07,11032.79
2018-08-10,30.708,4.473849,1.1461,110.78,1.27635,0.7306,7.8499,6.8639,11009.96,11033.89,10972.25,10983.68,11003.07
2018-08-13,30.812,4.474241,1.1375,110.2,1.27425,0.7273,7.8498,6.88655,10939.68,10939.68,10693.73,10748.92,10816.705
2018-08-14,30.807,4.471975,1.1416,111.08,1.2804,0.7264,7.85,6.8889,10797.95,10829.85,10755.53,10824.23,10792.69
2018-08-15,30.858,4.46219,1.13255,111.265,1.2714,0.7225,7.85,6.91545,10827.28,10827.28,10688.59,10716.75,10757.935
2018-08-16,30.845,4.471137,1.1372,110.805,1.27085,0.72655,7.8496,6.8987,10663.57,10725.71,10606.26,10683.9,10665.985
2018-08-17,30.802,4.492749,1.1416,110.705,1.27315,0.7287,7.8487,6.85595,10702.6,10757.01,10688.55,10690.96,10722.78
2018-08-20,30.76,4.496589,1.14145,110.66,1.2738,0.73125,7.84975,6.84075,10698.76,10729.9,10663.44,10699.05,10696.67
2018-08-21,30.73,4.498257,1.1518,110.145,1.28265,0.73565,7.8498,6.83155,10697.01,10792.2,10697.01,10792.2,10744.605
2018-08-22,30.73,4.487318,1.1558,110.43,1.2874,0.7338,7.8499,6.8482,10790.24,10828.21,10774.69,10804.2,10801.45
2018-08-23,30.79,4.481238,1.156,110.775,1.2864,0.729,7.84995,6.87085,10817.33,10863.13,10802.79,10863.13,10832.96
2018-08-24,30.783,4.47591,1.1561,111.41,1.2834,0.728,7.84985,6.8775,10865.91,10865.91,10770.32,10809.35,10818.115
2018-08-27,30.772,4.521361,1.1611,111.14,1.28395,0.73125,7.84995,6.8059,10847.17,10916.69,10847.17,10902.21,10881.93
2018-08-28,30.724,4.518609,1.1692,111.12,1.2897,0.7348,7.8499,6.79945,10946.33,11005.55,10946.33,10989.55,10975.94
2018-08-29,30.706,4.501285,1.16705,111.185,1.2872,0.731,7.84945,6.8216,11029.12,11099.57,11029.11,11099.57,11064.34
2018-08-30,30.711,4.48918,1.1701,111.675,1.3026,0.729,7.8494,6.8411,11153.97,11186.05,11080.07,11093.75,11133.06
2018-08-31,30.731,4.491305,1.16845,110.75,1.3023,0.72525,7.8477,6.84235,11037.26,11063.94,10987.68,11063.94,11025.81
2018-09-03,30.712,4.496145,1.1622,110.99,1.29175,0.7214,7.84955,6.83075,11087.86,11097.11,10952.85,10964.22,11024.98
2018-09-04,30.766,4.493344,1.1561,111.47,1.28255,0.71715,7.84915,6.847,10981.39,11028.27,10956.49,11021.38,10992.38
2018-09-05,30.806,4.488958,1.1556,111.5,1.2805,0.71565,7.8483,6.8626,11042.41,11058.06,10989.93,10995.13,11023.995
2018-09-06,30.802,4.504823,1.1638,111.265,1.2921,0.71885,7.84935,6.83755,11016.92,11016.92,10905.34,10924.3,10961.13
2018-09-07,30.776,4.495266,1.1646,110.69,1.2935,0.71565,7.84935,6.8463,10922.55,10922.55,10807.56,10846.99,10865.055
2018-09-10,30.83,4.48743,1.1566,111.025,1.2933,0.71165,7.8499,6.8703,10869.8,10877.72,10689.29,10725.8,10783.505
2018-09-11,30.814,4.482605,1.16285,111.51,1.3061,0.7125,7.84965,6.87415,10723,10765.42,10669.59,10752.3,10717.505
2018-09-12,30.825,4.481955,1.1594,111.46,1.3032,0.71175,7.84905,6.8776,10762.91,10779.93,10667.25,10722.57,10723.59
2018-09-13,30.805,4.497715,1.162,111.5,1.30405,0.7186,7.8476,6.84905,10726.67,10758.84,10701.25,10727.23,10730.045
2018-09-14,30.76,4.494251,1.1715,111.88,1.31245,0.7212,7.84835,6.8443,10776.53,10882.04,10770.47,10868.14,10826.255
2018-09-17,30.805,4.481357,1.165,111.915,1.30915,0.71685,7.84695,6.87405,10881.78,10883.98,10806.73,10828.61,10845.355
2018-09-18,30.813,4.483322,1.168,111.92,1.31425,0.72,7.8439,6.8728,10794.22,10806.56,10750.81,10760.21,10778.685
2018-09-19,30.793,4.49664,1.17075,112.38,1.3161,0.72465,7.84505,6.848,10808.5,10882.75,10808.5,10857.27,10845.625
2018-09-20,30.795,4.494315,1.1706,112.26,1.3196,0.72715,7.8441,6.852,10886.19,10908.36,10814.54,10831.41,10861.45
2018-09-21,30.716,4.492584,1.1776,112.73,1.32265,0.72915,7.81885,6.83705,10857.1,10972.41,10835.84,10972.41,10904.125
2018-09-25,30.675,4.465789,1.1745,112.95,1.31305,0.72385,7.81,6.8689,10959.56,11003.49,10941.77,10978.85,10972.63
2018-09-26,30.697,4.464848,1.1771,112.83,1.31615,0.7256,7.8124,6.87525,10974.08,11007.35,10947.29,10974.19,10977.32
2018-09-27,30.602,4.449929,1.17105,112.69,1.31175,0.72325,7.815,6.87695,10973.77,11051.09,10961.27,11034.19,11006.18
2018-09-28,30.551,4.444498,1.1629,113.415,1.3075,0.7222,7.82355,6.8739,11050.09,11073.95,10966.96,11006.34,11020.455
2018-10-01,30.525,4.432627,1.15825,113.95,1.3032,0.7212,7.8286,6.88645,11014.19,11062.43,11012.95,11051.8,11037.69
2018-10-02,30.668,4.453178,1.15365,113.83,1.2996,0.71895,7.83735,6.88675,11048.89,11064.34,10906.42,10919.63,10985.38
2018-10-03,30.67,4.452395,1.1571,113.9,1.30035,0.71655,7.83765,6.88845,10918.74,10926.73,10839.46,10863.94,10883.095
2018-10-04,30.792,4.465579,1.1492,114.33,1.29705,0.70775,7.8345,6.8954,10826.19,10826.19,10707.76,10718.91,10766.975
2018-10-05,30.84,4.467729,1.1505,113.84,1.3038,0.7062,7.8327,6.90285,10665.29,10669.63,10446.94,10517.12,10558.285
2018-10-08,30.926,4.467786,1.14905,113.735,1.3059,0.7045,7.82695,6.922,10467.85,10507.83,10403.13,10455.93,10455.48
2018-10-09,30.968,4.472306,1.1474,113.17,1.30595,0.70735,7.83295,6.9244,10464.39,10503.1,10428.97,10466.83,10466.035
2018-10-11,31.105,4.486212,1.15435,112.275,1.31895,0.7087,7.8367,6.93345,10272.04,10272.04,9797.93,9806.11,10034.985
2018-10-12,30.91,4.471533,1.15835,112.36,1.3237,0.7122,7.8357,6.9126,9811.58,10046.01,9740.76,10045.81,9893.385
2018-10-15,30.94,4.466003,1.1563,111.775,1.31195,0.7125,7.8373,6.9279,9989.63,9989.63,9890.47,9901.12,9940.05
2018-10-16,30.92,4.472733,1.1586,112.13,1.31815,0.71255,7.8368,6.913,9891.97,10011.19,9888.73,9981.1,9949.96
2018-10-17,30.85,4.459583,1.15695,112.2,1.3161,0.7156,7.83845,6.9177,10048.43,10127.01,9978.25,9979.14,10052.63
2018-10-18,30.975,4.463467,1.1512,112.59,1.31125,0.71285,7.8393,6.93965,9975.46,10019.5,9919.79,9953.73,9969.645
2018-10-19,30.976,4.465965,1.14505,112.46,1.3034,0.7111,7.839,6.936,9879.47,9919.26,9762.91,9919.26,9841.085
2018-10-22,30.92,4.45483,1.1527,112.73,1.30725,0.71075,7.8394,6.9408,9871.3,9984.15,9822.15,9974.28,9903.15
2018-10-23,30.985,4.461034,1.1466,112.32,1.2987,0.7083,7.8393,6.9457,9912.28,9912.28,9775.2,9775.2,9843.74
2018-10-24,30.947,4.45414,1.1425,112.51,1.29475,0.7084,7.8402,6.9479,9774.29,9809.19,9667.85,9759.4,9738.52
2018-10-25,30.996,4.452265,1.1399,112.325,1.28985,0.7061,7.8388,6.96185,9622.95,9622.95,9475.61,9520.79,9549.28
2018-10-26,31.006,4.45395,1.1375,112.03,1.2813,0.7035,7.84085,6.96145,9570.19,9629.07,9400.69,9489.18,9514.88
2018-10-29,30.996,4.452885,1.1407,111.945,1.2834,0.71055,7.8421,6.9609,9515.43,9554.35,9459.12,9516.32,9506.735
2018-10-30,30.985,4.444984,1.13655,112.83,1.27635,0.7085,7.8444,6.9708,9508.81,9574.83,9481.66,9526.11,9528.245
2018-10-31,30.968,4.438086,1.13505,113.06,1.27325,0.7085,7.84565,6.9778,9588.86,9802.13,9588.86,9802.13,9695.495
2018-11-01,30.926,4.446602,1.13625,112.92,1.28965,0.7145,7.83965,6.95495,9812.2,9869.59,9742.61,9844.74,9806.1
2018-11-02,30.738,4.464756,1.1434,112.925,1.3028,0.72395,7.8374,6.8846,9871.4,9906.59,9817.29,9906.59,9861.94
2018-11-05,30.771,4.444317,1.1384,113.18,1.2991,0.7198,7.836,6.92365,9856.85,9889.81,9786.25,9889.81,9838.03
2018-11-06,30.782,4.449107,1.14195,113.28,1.30835,0.7229,7.83415,6.9187,9888.41,9899.97,9782.86,9824.95,9841.415
2018-11-07,30.76,4.444389,1.1469,113.165,1.31455,0.726,7.8316,6.9211,9818.15,9912.53,9817.95,9908.35,9865.24
2018-11-08,30.702,4.432601,1.1436,113.7,1.3136,0.72895,7.8292,6.9264,9958.47,10014.42,9938.55,9945.31,9976.485
2018-11-09,30.812,4.437575,1.1343,113.825,1.3021,0.72455,7.8282,6.94345,9921.78,9921.78,9798.45,9830.01,9860.115
2018-11-12,30.888,4.434775,1.12525,114.11,1.28535,0.71915,7.83345,6.96495,9806.8,9875.84,9764.46,9831.21,9820.15
2018-11-13,30.902,4.446581,1.1229,114.11,1.28815,0.72075,7.83095,6.9496,9727.17,9777.35,9616.16,9775.84,9696.755
2018-11-14,30.932,4.451424,1.1281,113.895,1.29645,0.72065,7.83295,6.9488,9799.69,9823.25,9763.89,9791.88,9793.57
2018-11-15,30.845,4.452044,1.1345,113.485,1.29865,0.7292,7.8302,6.9283,9806.58,9844.39,9755.12,9826.46,9799.755
2018-11-16,30.888,4.451764,1.1361,113.28,1.2822,0.72845,7.8327,6.93835,9819.05,9851.29,9770.87,9797.09,9811.08
2018-11-19,30.906,4.456614,1.14205,112.845,1.2874,0.73205,7.83295,6.93485,9795.47,9836.02,9779.4,9828.69,9807.71
2018-11-20,30.908,4.457057,1.14685,112.445,1.2874,0.7297,7.83195,6.9346,9788.95,9800.03,9726.8,9743.99,9763.415
2018-11-21,30.908,4.458232,1.13985,112.865,1.28155,0.7239,7.83145,6.9328,9698.52,9753.69,9632.47,9741.52,9693.08
2018-11-22,30.894,4.459672,1.14035,112.97,1.27865,0.7242,7.83025,6.9274,9769.33,9792.99,9702.77,9714.71,9747.88
2018-11-23,30.902,4.453627,1.14095,112.845,1.28575,0.7247,7.82685,6.9386,9730.64,9738.8,9654.91,9667.3,9696.855
2018-11-26,30.886,4.454348,1.1365,113.345,1.283,0.72655,7.82405,6.9339,9679.98,9847.35,9679.98,9765.36,9763.665
2018-11-27,30.9,4.448179,1.13075,113.56,1.27385,0.72315,7.82395,6.94665,9728.95,9781.4,9688.74,9778.62,9735.07
2018-11-28,30.91,4.444673,1.12705,113.835,1.2747,0.7233,7.8284,6.9544,9774.03,9890.89,9767.14,9884.31,9829.015
2018-11-29,30.84,4.445339,1.1394,113.285,1.28315,0.7329,7.82215,6.9376,9959.87,10001.85,9885.36,9885.36,9943.605
2018-11-30,30.85,4.443541,1.1378,113.465,1.27755,0.73075,7.82135,6.94265,9899.24,9957.63,9888.03,9888.03,9922.83
2018-12-03,30.752,4.46599,1.13655,113.465,1.28095,0.73805,7.81995,6.8858,9979.21,10148.75,9979.21,10137.87,10063.98
2018-12-04,30.705,4.489747,1.13905,113.075,1.277,0.73845,7.81145,6.8389,10120.43,10126.02,10061.7,10083.54,10093.86
2018-12-05,30.806,4.486216,1.13265,113.055,1.27045,0.72935,7.80735,6.8668,9971.98,9971.98,9895.29,9916.74,9933.635
2018-12-06,30.857,4.482319,1.13295,113.035,1.27235,0.7229,7.8128,6.88415,9850.08,9850.08,9664.75,9684.72,9757.415
2018-12-07,30.841,4.480365,1.1372,112.785,1.2752,0.72155,7.8139,6.8836,9719.46,9785.2,9719.46,9760.88,9752.33
2018-12-10,30.877,4.467408,1.14305,112.665,1.273,0.72195,7.81315,6.9116,9722.97,9722.97,9626.47,9647.54,9674.72
2018-12-11,30.894,4.473791,1.1368,113.08,1.2584,0.7194,7.81465,6.90555,9661.72,9720.96,9661.72,9707.04,9691.34
2018-12-12,30.881,4.481976,1.1318,113.455,1.24855,0.721,7.8166,6.89005,9741.45,9835.56,9741.45,9816.45,9788.505
2018-12-13,30.85,4.495092,1.13845,113.44,1.2651,0.7241,7.80885,6.86305,9827.32,9871.96,9815.5,9858.76,9843.73
2018-12-14,30.867,4.475499,1.1348,113.575,1.2608,0.7179,7.8122,6.8969,9818.95,9818.95,9718.94,9774.16,9768.945
2018-12-17,30.87,4.47439,1.13165,113.405,1.25965,0.7175,7.8142,6.89925,9762.49,9826.88,9733.98,9787.53,9780.43
2018-12-18,30.87,4.476057,1.13655,112.505,1.26605,0.7193,7.81755,6.8967,9756.46,9756.67,9701.1,9718.82,9728.885
2018-12-19,30.813,4.46847,1.13975,112.385,1.2663,0.71965,7.82475,6.89565,9720.92,9783.21,9720.92,9783.21,9752.065
2018-12-20,30.843,4.467794,1.1422,111.915,1.2654,0.71065,7.8283,6.9034,9729.29,9741.55,9658.5,9674.52,9700.025
2018-12-21,30.8,4.460333,1.1471,111.205,1.2685,0.71095,7.82795,6.9053,9648.98,9683.95,9585.32,9676.67,9634.635
2018-12-22,30.824,4.451756,1.1369,111.225,1.26575,0.70335,7.83265,6.924,9639.24,9652.19,9625.31,9646.16,9638.75
2018-12-24,30.838,4.4671,1.13935,111.005,1.26765,0.7069,7.832,6.90335,9646.53,9658.95,9613.29,9639.7,9636.12
2018-12-25,30.81,4.469576,1.14035,110.275,1.2684,0.70545,7.83265,6.89325,9559.7,9559.7,9479.06,9527.09,9519.38
2018-12-26,30.815,4.471472,1.1397,110.455,1.2706,0.70575,7.83325,6.89145,9544.87,9591.91,9473.3,9478.99,9532.605
2018-12-27,30.802,4.469124,1.13845,110.875,1.2657,0.70485,7.83415,6.8922,9555.01,9670.97,9555.01,9641.56,9612.99
2018-12-28,30.733,4.47159,1.14595,110.365,1.26535,0.7049,7.8321,6.87295,9649.97,9727.41,9630.77,9727.41,9679.09
